﻿<?xml version="1.0" encoding="utf-8"?>
<manifest identifier="_5hW0gyopynh_course_id" version="1.0" xmlns="http://www.imsproject.org/xsd/imscp_rootv1p1p2" xmlns:adlcp="http://www.adlnet.org/xsd/adlcp_rootv1p2" xmlns:xsi="http://www.w3.org/2001/XMLSchema-instance" xsi:schemaLocation="http://www.imsproject.org/xsd/imscp_rootv1p1p2 imscp_rootv1p1p2.xsd http://www.imsglobal.org/xsd/imsmd_rootv1p2p1 imsmd_rootv1p2p1.xsd http://www.adlnet.org/xsd/adlcp_rootv1p2 adlcp_rootv1p2.xsd">
  <metadata>
    <schema>ADL SCORM</schema>
    <schemaversion>1.2</schemaversion>
    <lom xmlns="http://www.imsglobal.org/xsd/imsmd_rootv1p2p1" xmlns:xsi="http://www.w3.org/2001/XMLSchema-instance" xsi:schemaLocation="http://www.imsglobal.org/xsd/imsmd_rootv1p2p1 imsmd_rootv1p2p1.xsd">
      <general>
        <title>
          <langstring xml:lang="x-none">M01_L01_S08_Most_Valuable_Region</langstring>
        </title>
      </general>
      <lifecycle>
        <version>
          <langstring xml:lang="x-none">1</langstring>
        </version>
        <status>
          <source>
            <langstring xml:lang="x-none">LOMv1.0</langstring>
          </source>
          <value>
            <langstring xml:lang="x-none">Final</langstring>
          </value>
        </status>
      </lifecycle>
      <metametadata>
        <metadatascheme>ADL SCORM 1.2</metadatascheme>
      </metametadata>
      <educational>
        <typicallearningtime>
          <datetime>PT0H0M0S</datetime>
        </typicallearningtime>
      </educational>
      <rights>
        <cost>
          <source>
            <langstring xml:lang="x-none">LOMv1.0</langstring>
          </source>
          <value>
            <langstring xml:lang="x-none">yes</langstring>
          </value>
        </cost>
        <copyrightandotherrestrictions>
          <source>
            <langstring xml:lang="x-none">LOMv1.0</langstring>
          </source>
          <value>
            <langstring xml:lang="x-none">yes</langstring>
          </value>
        </copyrightandotherrestrictions>
      </rights>
    </lom>
  </metadata>
  <organizations default="M01_L01_S08_Most_Valuable_Region_ORG">
    <organization identifier="M01_L01_S08_Most_Valuable_Region_ORG">
      <title>M01_L01_S08_Most_Valuable_Region</title>
      <item identifier="Published4Web_sample_SCO" isvisible="true" identifierref="__5hW0gyopynh_course_id_RES">
        <title>M01_L01_S08_Most_Valuable_Region</title>
      </item>
    </organization>
  </organizations>
  <resources>
    <resource identifier="__5hW0gyopynh_course_id_RES" type="webcontent" href="index_lms.html" adlcp:scormtype="sco">
      <file href="mobile/6km2PRLMHLP_80_P_0_227_1500_896_DX1346_DY1346_CX1009_CY603.png" />
      <file href="mobile/5oooaOBKKwP_80_R1A6F85_DX1076_DY1076_CX806_CY433.png" />
      <file href="story_content/5aZGB65KFgr_22050_48_0.mp3" />
      <file href="mobile/6q4IPZbMOJN_80_P_158_94_424_425_DX512_DY512_CX382_CY383.png" />
      <file href="story_content/video_5hOm6tyCoVV_22_48_720x406.mp4" />
      <file href="mobile/video_5hOm6tyCoVV_22_48_720x406.jpg" />
      <file href="story_content/5qIjkT2Jcpx_22050_48_0.mp3" />
      <file href="story_content/6pM9dTTVcco_22050_48_0.mp3" />
      <file href="story_content/62vtEorFQjp_22050_48_0.mp3" />
      <file href="meta.xml" />
      <file href="story_content/user.js" />
      <file href="html5/data/css/output.min.css" />
      <file href="html5/data/js/5x428dtJtVA.js" />
      <file href="html5/data/js/data.js" />
      <file href="html5/data/js/frame.js" />
      <file href="html5/data/js/paths.js" />
      <file href="html5/lib/scripts/app.min.js" />
      <file href="html5/lib/stylesheets/main.min.css" />
      <file href="html5/lib/stylesheets/mobile-fonts/open-sans-bold.woff" />
      <file href="html5/lib/stylesheets/mobile-fonts/open-sans-light.woff" />
      <file href="html5/lib/stylesheets/mobile-fonts/open-sans-regular.woff" />
      <file href="story.html" />
      <file href="story_html5.html" />
      <file href="analytics-frame.html" />
      <file href="story_content/blank.html" />
      <file href="story_content/story.js" />
      <file href="index_lms.html" />
      <file href="index_lms_html5.html" />
      <file href="lms/AICCComm.html" />
      <file href="lms/AICCFunctions.js" />
      <file href="lms/API.js" />
      <file href="lms/APIConstants.js" />
      <file href="lms/blank.html" />
      <file href="lms/browsersniff.js" />
      <file href="lms/Configuration.js" />
      <file href="lms/goodbye.html" />
      <file href="lms/lms.js" />
      <file href="lms/LMSAPI.js" />
      <file href="lms/NONEFunctions.js" />
      <file href="lms/SCORM2004Functions.js" />
      <file href="lms/SCORMFunctions.js" />
      <file href="lms/UtilityFunctions.js" />
    </resource>
  </resources>
</manifest>